English,Slovensky
Hello,Ahoj
Goodbye,Dovidenia
Please,Prosím
Thank you,Ďakujem
Sorry,Ospravedlňujem sa
Yes,Áno
No,Nie
Friend,Priateľ
Family,Rodina
Home,Domov
School,Škola
Book,Kniha
Pen,Pero
Paper,Papier
Table,Stôl
Chair,Stolička
Food,Jedlo
Water,Voda
Milk,Mlieko
Bread,Chlieb
Fish,Ryba
Dog,Pes
Cat,Mačka
Bird,Vták
Sun,Slnečné
Moon,Mesiac
Star,Hviezda
Tree,Strom
Flower,Kvet
Fruit,Ovocie
Car,Auto
Bus,Autobus
Train,Vlak
Bicycle,Bicykel
Shoes,Topánky
Clothes,Oblečenie
Hat,Čiapka
Glasses,Okuliare
Watch,Hodinky
Money,Peniaze
Time,Čas
Day,Deň
Night,Noc
Week,Týždeň
Month,Mesiac
Year,Rok
Today,Dnes
Tomorrow,Zajtra
Yesterday,Včera
Now,Teraz
Here,Tu
There,Tam
Big,Velký
Small,Malý
Good,Dobrý
Bad,Zlý
Hot,Horúce
Cold,Studený
Happy,Šťastný
Sad,Smutný
Healthy,Zdravý
Sick,Chorý
Beautiful,Krásny
Ugly,Škaredý
Old,Starý
Young,Mladý
New,Nový
Fast,Rýchly
Slow,Pomaly
First,Prvý
Last,Posledný
Next,Nasledujúci
Previous,Predchádzajúci
Left,Vľavo
Right,Vpravo
Up,Hore
Down,Dole
In,V
Out,Von
On,Na
Under,Pod
Above,Nad
Between,Medzi
Before,Skôr
After,Po
With,S
Without,Bez
And,A
Or,Alebo
But,Ale
Because,Pretože